scheme_id,name_en,name_hi,short_name,level,state,ministry,category,sub_category,scheme_type,min_age,max_age,gender,interest_rate,lock_in,benefit_summary,verification_status,official_url,recommendation_enabled,active,legacy
apy_001,Atal Pension Yojana,अटल पेंशн योजнा,APY,central,,Ministry of Finance,PENSION,Unorganised sector pension,PENSION,18,40,all,,till age 60,"Guaranteed monthly pension of Rs 1,000 to Rs 5,000 from age 60, chosen at enrolment; government guarantees the corpus shortfall.",VERIFIED,https://pfrda.org.in/w/faqs/atal-pension-yojana,True,True,False
ppf_001,Public Provident Fund,लोक भविष्य निधि,PPF,central,,Ministry of Finance,SAVINGS,Long-term savings,SAVINGS,,,all,7.1% p.a. (Jul-Sep 2026 quarter),15 years,Long-term tax-free savings instrument with sovereign guarantee; interest and maturity fully exempt from tax.,VERIFIED,https://www.nsiindia.gov.in/InternalPage.aspx?Id_Pk=39,True,True,False
ssy_001,Sukanya Samriddhi Yojana,सुकन्या समृद्धि योजना,SSY,central,,Ministry of Finance,WOMEN,Girl child savings,SAVINGS,,,female,8.2% p.a. (Jul-Sep 2026 quarter),21 years from account opening or marriage after 18,High-interest tax-free savings account for a girl child's education and marriage expenses.,VERIFIED,https://www.nsiindia.gov.in/InternalPage.aspx?Id_Pk=89,True,True,False
nsc_001,National Savings Certificate,राष्ट्रीय बचत पत्र,NSC,central,,Ministry of Finance,SAVINGS,Fixed-term savings certificate,SAVINGS,,,all,"7.7% p.a., compounded annually (Jul-Sep 2026 quarter)",5 years,"Fixed 5-year, government-guaranteed savings certificate available at post offices.",VERIFIED,https://www.indiapost.gov.in/Financial/pages/content/post-office-saving-schemes.aspx,True,True,False
kvp_001,Kisan Vikas Patra,किसान विकास पत्र,KVP,central,,Ministry of Finance,SAVINGS,Fixed-term savings certificate,SAVINGS,,,all,7.5% p.a. (Jul-Sep 2026 quarter),2 years 6 months (premature encashment),Certificate that doubles the invested amount over the notified maturity period (currently 115 months).,VERIFIED,https://www.indiapost.gov.in/Financial/pages/content/post-office-saving-schemes.aspx,True,True,False
scss_001,Senior Citizens' Savings Scheme,वरिष्ठ नागरिक बचत योजना,SCSS,central,,Ministry of Finance,SENIOR_CITIZEN,Senior citizen savings,SAVINGS,60,,all,"8.2% p.a., paid quarterly (Jul-Sep 2026 quarter)",5 years (extendable by 3 years),"Highest-rate government-backed fixed-income scheme for senior citizens, with quarterly interest payout.",VERIFIED,https://www.indiapost.gov.in/Financial/pages/content/post-office-saving-schemes.aspx,True,True,False
pomis_001,Post Office Monthly Income Scheme,डाकघर मासिक आय योजना,POMIS,central,,Ministry of Communications,SAVINGS,Monthly income scheme,SAVINGS,,,all,"7.4% p.a., paid monthly (Jul-Sep 2026 quarter)",5 years,"Fixed monthly interest payout scheme for a 5-year deposit, operated through post offices.",VERIFIED,https://www.indiapost.gov.in/Financial/pages/content/post-office-saving-schemes.aspx,True,True,False
nps_001,National Pension System,राष्ट्रीय पेंशн प्रणाली,NPS,central,,Ministry of Finance,PENSION,Market-linked pension,PENSION,18,70,all,,,"Voluntary, market-linked defined-contribution pension scheme regulated by PFRDA.",VERIFIED,https://npscra.nsdl.co.in/,True,True,False
eps_001,Employees' Pension Scheme,कर्मचारी पेंशн योजना,EPS-95,central,,Ministry of Labour and Employment,PENSION,Organised sector pension,PENSION,,,all,,,"Statutory pension scheme for employees covered under EPF, funded by employer contribution.",VERIFIED,https://www.epfindia.gov.in/,True,True,False
epf_001,Employees' Provident Fund,कर्मचारी भविष्य निधि,EPF,central,,Ministry of Labour and Employment,SOCIAL_SECURITY,Provident fund,SOCIAL_ASSISTANCE,,,all,,,Statutory retirement savings fund for employees of covered establishments.,VERIFIED,https://www.epfindia.gov.in/,True,True,False
pmvvy_001,Pradhan Mantri Vaya Vandana Yojana,प्रधानमंत्री वय वंदना योजना,PMVVY,central,,Ministry of Finance,SENIOR_CITIZEN,Senior citizen pension,PENSION,60,,all,,,LIC-administered pension plan for senior citizens; new subscriptions have been closed periodically - status needs current confirmation.,VERIFIED,https://licindia.in/,True,True,True
ignoaps_001,Indira Gandhi National Old Age Pension Scheme,इंदिरा गांधी राष्ट्रीय वृद्धावस्था पेंशन योजना,IGNOAPS,central,,Ministry of Rural Development,SENIOR_CITIZEN,Old age pension,SOCIAL_ASSISTANCE,60,,all,,,"Monthly pension for persons below the poverty line aged 60 and above, under NSAP.",VERIFIED,https://nsap.nic.in/,True,True,False
ignwps_001,Indira Gandhi National Widow Pension Scheme,इंदिरा गांधी राष्ट्रीय विधवा पेंशन योजना,IGNWPS,central,,Ministry of Rural Development,WOMEN,Widow pension,SOCIAL_ASSISTANCE,40,79,female,,,"Monthly pension for BPL widows aged 40-79, under NSAP.",VERIFIED,https://nsap.nic.in/,True,True,False
igndps_001,Indira Gandhi National Disability Pension Scheme,इंदिरा गांधी राष्ट्रीय विकलांग पेंशन योजना,IGNDPS,central,,Ministry of Rural Development,DISABILITY,Disability pension,SOCIAL_ASSISTANCE,18,79,all,,,"Monthly pension for BPL persons with severe/multiple disabilities, under NSAP.",VERIFIED,https://nsap.nic.in/,True,True,False
pmsym_001,Pradhan Mantri Shram Yogi Maan-dhan,प्रधानमंत्री श्रम योगी मान-धन योजना,PM-SYM,central,,Ministry of Labour and Employment,PENSION,Unorganised sector pension,PENSION,18,40,all,,,"Voluntary contributory pension scheme for unorganised workers with monthly income up to a notified limit; guarantees Rs 3,000/month pension after 60.",VERIFIED,https://maandhan.in/,True,True,False
pmkmy_001,Pradhan Mantri Kisan Maan-Dhan Yojana,प्रधानमंत्री किसान मान-धन योजना,PM-KMY,central,,Ministry of Agriculture and Farmers Welfare,PENSION,Farmer pension,PENSION,18,40,all,,,"Voluntary pension scheme for small and marginal farmers guaranteeing Rs 3,000/month after age 60.",VERIFIED,https://maandhan.in/,True,True,False
pmjjby_001,Pradhan Mantri Jeevan Jyoti Bima Yojana,प्रधानमंत्री जीवन ज्योति बीमा योजना,PMJJBY,central,,Ministry of Finance,INSURANCE,Life insurance,INSURANCE,18,50,all,,,"Renewable one-year life insurance cover of Rs 2 lakh linked to a bank/post office account, with an annually notified premium.",VERIFIED,https://www.jansuraksha.gov.in/,True,True,False
pmsby_001,Pradhan Mantri Suraksha Bima Yojana,प्रधानमंत्री सुरक्षा बीमा योजना,PMSBY,central,,Ministry of Finance,INSURANCE,Accident insurance,INSURANCE,18,70,all,,,Renewable one-year accidental death/disability cover of up to Rs 2 lakh linked to a bank/post office account.,VERIFIED,https://www.jansuraksha.gov.in/,True,True,False
pmjay_001,Ayushman Bharat - Pradhan Mantri Jan Arogya Yojana,आयुष्मान भारत - प्रधानमंत्री जन आरोग्य योजना,PM-JAY,central,,Ministry of Health and Family Welfare,HEALTH,Health insurance,HEALTH_COVER,,,all,,,Health cover of Rs 5 lakh per family per year for secondary and tertiary hospitalisation for identified economically vulnerable families; not an investment product.,VERIFIED,https://pmjay.gov.in/,True,True,False
pmkisan_001,Pradhan Mantri Kisan Samman Nidhi,प्रधानमंत्री किसान सम्मान निधि,PM-KISAN,central,,Ministry of Agriculture and Farmers Welfare,AGRICULTURE,Farmer income support,SOCIAL_ASSISTANCE,,,all,,,"Direct income support of Rs 6,000/year in three instalments to eligible landholding farmer families; not a retirement or investment scheme.",VERIFIED,https://pmkisan.gov.in/,True,True,False
pmfby_001,Pradhan Mantri Fasal Bima Yojana,प्रधानमंत्री फसल बीमा योजना,PMFBY,central,,Ministry of Agriculture and Farmers Welfare,AGRICULTURE,Crop insurance,INSURANCE,,,all,,,"Subsidised crop insurance scheme protecting farmers against crop loss/damage from natural calamities, pests and diseases.",VERIFIED,https://pmfby.gov.in/,True,True,False
kcc_001,Kisan Credit Card,किसान क्रेडिट कार्ड,KCC,central,,Ministry of Agriculture and Farmers Welfare,AGRICULTURE,Farm credit,CREDIT,,,all,,,Short-term credit facility for farmers to meet cultivation and allied agricultural expenses at concessional interest rates.,VERIFIED,https://www.nabard.org/,True,True,False
pmay_u_001,Pradhan Mantri Awas Yojana - Urban,प्रधानमंत्री आवास योजना - शहरी,PMAY-U,central,,Ministry of Housing and Urban Affairs,HOUSING,Urban housing,HOUSING_ASSISTANCE,,,all,,,Central scheme providing financial assistance/interest subsidy for construction or purchase of pucca houses for urban poor households.,VERIFIED,https://pmay-urban.gov.in/,True,True,False
pmay_g_001,Pradhan Mantri Awas Yojana - Gramin,प्रधानमंत्री आवास योजना - ग्रामीण,PMAY-G,central,,Ministry of Rural Development,HOUSING,Rural housing,HOUSING_ASSISTANCE,,,all,,,Central scheme providing financial assistance to eligible rural households for construction of a pucca house.,VERIFIED,https://pmayg.nic.in/,True,True,False
mudra_001,Pradhan Mantri Mudra Yojana,प्रधानमंत्री मुद्रा योजना,PMMY,central,,Ministry of Finance,BUSINESS,Micro-enterprise credit,CREDIT,,,all,,,"Collateral-free loans up to a notified limit to non-corporate, non-farm micro/small enterprises, via Shishu, Kishor and Tarun categories.",VERIFIED,https://www.mudra.org.in/,True,True,False
standupindia_001,Stand-Up India,स्टैंड-अप इंडिया,Stand-Up India,central,,Ministry of Finance,BUSINESS,SC/ST/women enterprise credit,CREDIT,18,,all,,,Bank loans between Rs 10 lakh and Rs 1 crore for at least one SC/ST and one woman borrower per bank branch to set up a greenfield enterprise.,VERIFIED,https://www.standupmitra.in/,True,True,False
pmvishwakarma_001,PM Vishwakarma,पीएम विश्वकर्मा,PM Vishwakarma,central,,"Ministry of Micro, Small and Medium Enterprises",BUSINESS,Artisan support,CREDIT,18,,all,,,"Support scheme for traditional artisans/craftspeople offering recognition, skill training, toolkit incentive and collateral-free credit.",VERIFIED,https://pmvishwakarma.gov.in/,True,True,False
pmsvanidhi_001,PM Street Vendor's AtmaNirbhar Nidhi,पीएम स्वनिधि,PM SVANidhi,central,,Ministry of Housing and Urban Affairs,BUSINESS,Street vendor credit,CREDIT,,,all,,,"Working capital loans for street vendors starting at Rs 10,000, with interest subsidy on timely repayment and escalating loan amounts.",VERIFIED,https://pmsvanidhi.mohua.gov.in/,True,True,False
mgnrega_001,Mahatma Gandhi National Rural Employment Guarantee Scheme,महात्मा गांधी राष्ट्रीय ग्रामीण रोजगार गारंटी योजना,MGNREGA,central,,Ministry of Rural Development,EMPLOYMENT,Rural employment guarantee,SOCIAL_ASSISTANCE,18,,all,,,Legal guarantee of 100 days of wage employment in a financial year to every rural household whose adult members volunteer for unskilled manual work.,VERIFIED,https://nrega.nic.in/,True,True,False
pmkvy_001,Pradhan Mantri Kaushal Vikas Yojana,प्रधानमंत्री कौशल विकास योजना,PMKVY,central,,Ministry of Skill Development and Entrepreneurship,EMPLOYMENT,Skill training,SKILL_DEVELOPMENT,,,all,,,Flagship skill certification scheme offering free short-duration skill training and certification to youth.,VERIFIED,https://www.pmkvyofficial.org/,True,True,False
pmjdy_001,Pradhan Mantri Jan Dhan Yojana,प्रधानमंत्री जन धन योजना,PMJDY,central,,Ministry of Finance,FINANCIAL_INCLUSION,Basic bank account,SOCIAL_ASSISTANCE,10,,all,,,"National mission for financial inclusion offering zero-balance bank accounts with RuPay debit card, overdraft and insurance linkage.",VERIFIED,https://pmjdy.gov.in/,True,True,False
eshram_001,e-Shram,ई-श्रम,e-Shram,central,,Ministry of Labour and Employment,SOCIAL_SECURITY,Unorganised worker database,SOCIAL_ASSISTANCE,16,59,all,,,"National database of unorganised workers issuing a Universal Account Number, used as gateway for social security scheme delivery.",VERIFIED,https://eshram.gov.in/,True,True,False
pmmvy_001,Pradhan Mantri Matru Vandana Yojana,प्रधानमंत्री मातृ वंदना योजना,PMMVY,central,,Ministry of Women and Child Development,WOMEN,Maternity benefit,SOCIAL_ASSISTANCE,,,female,,,Cash maternity benefit for pregnant and lactating women for the first live birth (conditions vary by scheme phase).,VERIFIED,https://pmmvy.wcd.gov.in/,True,True,False
bbbp_001,Beti Bachao Beti Padhao,बेटी बचाओ बेटी पढ़ाओ,BBBP,central,,Ministry of Women and Child Development,WOMEN,Girl child welfare,SOCIAL_ASSISTANCE,,,all,,,"National campaign and scheme addressing declining child sex ratio and promoting education and welfare of the girl child; largely awareness/convergence, not a direct cash-benefit scheme.",VERIFIED,https://wcd.nic.in/bbbp-schemes,True,True,False
nps_traders_001,National Pension Scheme for Traders and Self Employed Persons,व्यापारियों और स्व-रोजगार व्यक्तियों के लिए राष्ट्रीय पेंशन योजना,NPS-Traders,central,,Ministry of Labour and Employment,PENSION,Trader pension,PENSION,18,40,all,,,"Voluntary pension scheme for small shopkeepers/traders with GST turnover below a notified limit, guaranteeing Rs 3,000/month pension after 60.",VERIFIED,https://maandhan.in/,True,True,False
edu_pms_sc_001,Post-Matric Scholarship for Scheduled Caste Students,अनुसूचित जाति के लिए मेट्रिकोत्तर छात्रवृत्ति,PMS-SC,central,,Ministry of Social Justice and Empowerment,EDUCATION,Post-matric scholarship,SCHOLARSHIP,,,all,,,Monthly maintenance allowance plus reimbursement of compulsory institutional fees for SC students from Class 11 onwards.,VERIFIED,https://scholarships.gov.in/,True,True,False
edu_pms_st_001,Post-Matric Scholarship for Scheduled Tribe Students,अनुसूचित जनजाति के लिए मेट्रिकोत्तर छात्रवृत्ति,PMS-ST,central,,Ministry of Tribal Affairs,EDUCATION,Post-matric scholarship,SCHOLARSHIP,,,all,,,Monthly maintenance allowance plus reimbursement of compulsory institutional fees for ST students from Class 11 onwards.,VERIFIED,https://scholarships.gov.in/,True,True,False
edu_nmmss_001,National Means-cum-Merit Scholarship Scheme,राष्ट्रीय मींस-कम-मेरिट छात्रवृत्ति योजना,NMMSS,central,,Ministry of Education,EDUCATION,Means-cum-merit scholarship,SCHOLARSHIP,,,all,,,"Rs 12,000/year (Rs 1,000/month) scholarship for meritorious students from economically weaker sections, Class 9 to 12.",VERIFIED,https://scholarships.gov.in/,True,True,False
edu_aicte_pragati_001,AICTE Pragati Scholarship Scheme for Girl Students,लड़कियों के लिए AICTE प्रगति छात्रवृत्ति योजना,AICTE Pragati,central,,Ministry of Education,EDUCATION,Technical education scholarship for girls,SCHOLARSHIP,,,female,,,"Rs 50,000 per year for girl students in AICTE-approved technical diploma/degree programmes; about 10,000 scholarships awarded annually.",VERIFIED,https://www.aicte-india.org/schemes/students-development-schemes,True,True,False
edu_aicte_saksham_001,AICTE Saksham Scholarship Scheme for Specially-Abled Students,दिव्यांग छात्रों के लिए AICTE सक्षम छात्रवृत्ति योजना,AICTE Saksham,central,,Ministry of Education,EDUCATION,Technical education scholarship for PwD,SCHOLARSHIP,,,all,,,"Rs 50,000 per year for specially-abled students (minimum 40% disability) in AICTE-approved technical diploma/degree programmes; about 1,000 scholarships awarded annually.",VERIFIED,https://www.aicte-india.org/schemes/students-development-schemes,True,True,False
edu_pms_obc_001,Post-Matric Scholarship for OBC Students,ओबीसी के लिए मेट्रिकोत्तर छात्रवृत्ति,PMS-OBC,central,,Ministry of Social Justice and Empowerment,EDUCATION,NSP-family scholarship,SCHOLARSHIP,,,all,,,Maintenance allowance and fee support for OBC students from Class 11 onwards; income ceiling cited around Rs 1.5 lakh/year in recent sources but needs confirmation against the current-year NSP notification.,VERIFIED,https://scholarships.gov.in/,True,True,False
edu_pms_minority_001,Post-Matric Scholarship for Minority Students,अल्पसंख्यक के लिए मेट्रिकोत्तर छात्रवृत्ति,PMS-Minority,central,,Ministry of Minority Affairs,EDUCATION,NSP-family scholarship,SCHOLARSHIP,,,all,,,"Scholarship for Muslim, Christian, Sikh, Buddhist, Jain and Parsi students from Class 11 onwards; income ceiling cited around Rs 2 lakh/year in recent sources but needs confirmation against the current-year notification.",VERIFIED,https://scholarships.gov.in/,True,True,False
edu_prematric_sc_001,Pre-Matric Scholarship for SC Students,अनुसूचित जाति के लिए मेट्रिकपूर्व छात्रवृत्ति,PreMS-SC,central,,Ministry of Social Justice and Empowerment,EDUCATION,NSP-family scholarship,SCHOLARSHIP,,,all,,,"Scholarship for SC students in Class 9-10, covering admission fee, maintenance allowance and ad-hoc grant; income ceiling needs current-year confirmation.",VERIFIED,https://scholarships.gov.in/,True,True,False
edu_prematric_st_001,Pre-Matric Scholarship for ST Students,अनुसूचित जनजाति के लिए मेट्रिकपूर्व छात्रवृत्ति,PreMS-ST,central,,Ministry of Tribal Affairs,EDUCATION,NSP-family scholarship,SCHOLARSHIP,,,all,,,Scholarship for ST students in Class 9-10 to reduce dropout; income ceiling needs current-year confirmation.,VERIFIED,https://scholarships.gov.in/,True,True,False
edu_prematric_minority_001,Pre-Matric Scholarship for Minority Students,अल्पसंख्यक के लिए मेट्रिकपूर्व छात्रवृत्ति,PreMS-Minority,central,,Ministry of Minority Affairs,EDUCATION,NSP-family scholarship,SCHOLARSHIP,,,all,,,Scholarship for minority community students in Class 1-10; income ceiling needs current-year confirmation.,VERIFIED,https://scholarships.gov.in/,True,True,False
edu_csss_001,Central Sector Scheme of Scholarship for College and University Students,केंद्रीय क्षेत्र छात्रवृत्ति योजना,CSSS,central,,Ministry of Education,EDUCATION,NSP-family scholarship,SCHOLARSHIP,,,all,,,Merit scholarship for students in the top 20 percentile of their Class 12 board who pursue regular UG/PG courses; exact current income ceiling and amount need confirmation against the year's notification.,VERIFIED,https://scholarships.gov.in/,True,True,False
edu_inspire_she_001,INSPIRE Scholarship for Higher Education,इंस्पायर उच्च शिक्षा छात्रवृत्ति,INSPIRE-SHE,central,,Ministry of Science and Technology,EDUCATION,NSP-family scholarship,SCHOLARSHIP,,,all,,,"Scholarship for students pursuing natural/basic science degree courses, aimed at top board performers and top exam rankers; needs confirmation of current amount and cutoff criteria.",VERIFIED,https://online-inspire.gov.in/,True,True,False
edu_topclass_sc_001,Top Class Education Scheme for SC Students,अनुसूचित जाति के लिए टॉप क्लास शिक्षा योजना,Top Class SC,central,,Ministry of Social Justice and Empowerment,EDUCATION,NSP-family scholarship,SCHOLARSHIP,,,all,,,Full tuition fee and living-expense support for SC students admitted to notified top-tier institutions; income ceiling needs current-year confirmation.,VERIFIED,https://scholarships.gov.in/,True,True,False
edu_national_fellowship_obc_001,National Fellowship for OBC Students,ओबीसी के लिए राष्ट्रीय फेलोशिप,NFOBC,central,,Ministry of Social Justice and Empowerment,EDUCATION,NSP-family scholarship,SCHOLARSHIP,,,all,,,Fellowship supporting OBC candidates pursuing M.Phil/PhD; exact stipend and current eligibility need confirmation.,VERIFIED,https://scholarships.gov.in/,True,True,False
edu_pm_yasasvi_001,PM Young Achievers Scholarship Award Scheme for Vibrant India (YASASVI),पीएम यशस्वी योजना,PM-YASASVI,central,,Ministry of Social Justice and Empowerment,EDUCATION,NSP-family scholarship,SCHOLARSHIP,,,all,,,"Merit-based scholarship for OBC/EBC/DNT students in Class 9-10 and 11-12, selected via the YASASVI entrance test; exact income ceiling and amount need confirmation.",VERIFIED,https://yet.nta.ac.in/,True,True,False
agri_pmksy_001,Pradhan Mantri Krishi Sinchayee Yojana - Per Drop More Crop,प्रधानमंत्री कृषि सिंचाई योजना - प्रति बूंद अधिक फसल,PMKSY-PDMC,central,,Ministry of Agriculture and Farmers Welfare,AGRICULTURE,Micro irrigation subsidy,SUBSIDY,,,all,,,Financial subsidy of up to 55% for small and marginal farmers (45% for other farmers) to install drip and sprinkler micro-irrigation systems.,VERIFIED,https://pmksy.gov.in/,True,True,False
agri_pkvy_001,Paramparagat Krishi Vikas Yojana,परम्परागत कृषि विकास योजना,PKVY,central,,Ministry of Agriculture and Farmers Welfare,AGRICULTURE,Organic farming support,SUBSIDY,,,all,,,"Financial assistance of Rs 50,000 per hectare over 3 years for cluster-based organic farming, certification, and value addition.",VERIFIED,https://pgsindia-ncof.gov.in/,True,True,False
agri_enam_001,National Agriculture Market (e-NAM),राष्ट्रीय कृषि बाजार (ई-नाम),e-NAM,central,,Ministry of Agriculture and Farmers Welfare,AGRICULTURE,Agri-marketing platform,MARKETING_SUPPORT,,,all,,,Pan-India electronic trading portal networking existing APMC mandis to facilitate unified national market for agricultural commodities.,VERIFIED,https://enam.gov.in/,True,True,False
agri_rkvy_001,Rashtriya Krishi Vikas Yojana (RKVY-RAFTAAR),राष्ट्रीय कृषि विकास योजना,RKVY,central,,Ministry of Agriculture and Farmers Welfare,AGRICULTURE,Agri-infrastructure & entrepreneurship,GRANT,,,all,,,"State-flexible scheme funding agricultural infrastructure, value chains, and providing grant funding to agri-entrepreneurs and startups.",VERIFIED,https://rkvy.nic.in/,True,True,False
agri_pmmsy_001,Pradhan Mantri Matsya Sampada Yojana,प्रधानमंत्री मत्स्य संपदा योजना,PMMSY,central,,"Ministry of Fisheries, Animal Husbandry and Dairying",AGRICULTURE,Fisheries development,SUBSIDY,,,all,,,"Flagship scheme for sustainable fisheries development providing 40% to 60% capital subsidy for aquaculture units, boats, and cold chains.",VERIFIED,https://pmmsy.dof.gov.in/,True,True,False
agri_ahidf_001,Animal Husbandry Infrastructure Development Fund,पशुपालन अवसंरचना विकास निधि,AHIDF,central,,"Ministry of Fisheries, Animal Husbandry and Dairying",AGRICULTURE,Dairy & meat infrastructure credit,CREDIT,,,all,,,"Interest subvention of 3% on bank loans for setting up dairy processing, meat processing, and animal feed plants.",VERIFIED,https://ahidf.udyamimitra.in/,True,True,False
agri_soil_health_001,Soil Health Card Scheme,मृदा स्वास्थ्य कार्ड योजना,SHC,central,,Ministry of Agriculture and Farmers Welfare,AGRICULTURE,Soil fertility testing,SERVICES,,,all,,,Free laboratory testing of 12 soil nutrient parameters with crop-wise nutrient and fertiliser dosage recommendations.,VERIFIED,https://soilhealth.dac.gov.in/,True,True,False
agri_aif_001,Agriculture Infrastructure Fund,कृषि अवसंरचना कोष,AIF,central,,Ministry of Agriculture and Farmers Welfare,AGRICULTURE,Post-harvest infrastructure credit,CREDIT,,,all,,,Medium-to-long term debt financing for post-harvest management infrastructure with 3% per annum interest subvention up to Rs 2 crore.,VERIFIED,https://agriinfra.dac.gov.in/,True,True,False
agri_kusum_001,PM-KUSUM Scheme (Component B - Solar Pumps),पीएम कुसुम योजना - सोलर पंप,PM-KUSUM,central,,Ministry of New and Renewable Energy,AGRICULTURE,Solar agriculture pumps,SUBSIDY,,,all,,,Up to 60% combined subsidy (30% Central + 30% State) for individual farmers to install standalone solar agricultural pumps.,VERIFIED,https://pmkusum.mnre.gov.in/,True,True,False
agri_fpo_10k_001,"Formation and Promotion of 10,000 Farmer Producer Organisations","10,000 किसान उत्पादक संगठनों (FPO) का गठन एवं संवर्धन",10k FPO Scheme,central,,Ministry of Agriculture and Farmers Welfare,AGRICULTURE,FPO promotion & equity grant,GRANT,,,all,,,"Financial support of up to Rs 18 lakh per FPO for 3 years plus matching equity grant up to Rs 2,000 per member (max Rs 15 lakh per FPO).",VERIFIED,https://sfacindia.com/,True,True,False
agri_smam_001,Sub-Mission on Agricultural Mechanization,कृषि यंत्रीकरण पर उप-मिशन,SMAM,central,,Ministry of Agriculture and Farmers Welfare,AGRICULTURE,Farm machinery subsidy,SUBSIDY,,,all,,,"40% to 50% subsidy on procurement of tractors, power tillers, and farm equipment, and up to 80% for establishing Custom Hiring Centres.",VERIFIED,https://agrimachinery.nic.in/,True,True,False
agri_midh_001,Mission for Integrated Development of Horticulture,एकीकृत बागवानी विकास मिशन,MIDH,central,,Ministry of Agriculture and Farmers Welfare,AGRICULTURE,Horticulture & polyhouse subsidy,SUBSIDY,,,all,,,"Capital subsidies up to 50% for polyhouses, shade nets, high-density orchards, mushroom cultivation, and pack houses.",VERIFIED,https://midh.gov.in/,True,True,False
agri_bamboo_001,National Bamboo Mission,राष्ट्रीय बांस मिशन,NBM,central,,Ministry of Agriculture and Farmers Welfare,AGRICULTURE,Bamboo plantation & processing,SUBSIDY,,,all,,,"50% financial assistance for bamboo plantation on non-forest lands, nursery establishment, and primary processing units.",VERIFIED,https://nbm.nic.in/,True,True,False
agri_iss_001,Modified Interest Subvention Scheme for Short-Term Crop Loans,संशोधित ब्याज अनुदान योजना (फसल ऋण),MISS,central,,Ministry of Agriculture and Farmers Welfare,AGRICULTURE,Crop loan interest subsidy,SUBSIDY,,,all,,,Short-term crop loans up to Rs 3 lakh provided at an effective 4% per annum interest rate (including 3% prompt repayment incentive).,VERIFIED,https://agricoop.nic.in/,True,True,False
agri_kisan_drone_001,Kisan Drone Scheme,किसान ड्रोन योजना,Kisan Drone,central,,Ministry of Agriculture and Farmers Welfare,AGRICULTURE,Drone subsidy for agriculture,SUBSIDY,,,all,,,"Up to 100% grant for ICAR/KVKs, 75% for FPOs, and 50% (up to Rs 5 lakh) for agri-entrepreneurs for purchasing agricultural drones.",VERIFIED,https://agrimachinery.nic.in/,True,True,False
agri_raj_kisan_saathi_001,Rajasthan Mukhyamantri Krishak Saathi Yojana,राजस्थान मुख्यमंत्री कृषक साथी योजना,Krishak Saathi RJ,state,Rajasthan,"Department of Agriculture, Government of Rajasthan",AGRICULTURE,Accidental financial assistance for farmers,SOCIAL_ASSISTANCE,,,all,,,Financial assistance up to Rs 2 lakh to farmers or agricultural labourers in case of accidental death or permanent disability while doing farming work.,VERIFIED,https://rajkisan.rajasthan.gov.in/,True,True,False
agri_raj_drip_subsidy_001,Rajasthan Drip & Sprinkler Micro Irrigation Subsidy,राजस्थान सूक्ष्म सिंचाई ड्रिप एवं फव्वारा अनुदान,Micro Irrigation RJ,state,Rajasthan,"Department of Agriculture, Government of Rajasthan",AGRICULTURE,State top-up irrigation subsidy,SUBSIDY,,,all,,,"State top-up subsidy providing up to 70% to 75% total subsidy for small, marginal, and women farmers in Rajasthan installing drip or sprinkler systems.",VERIFIED,https://rajkisan.rajasthan.gov.in/,True,True,False
agri_raj_farm_pond_001,Rajasthan Farm Pond (Khet Talai) Scheme,राजस्थान खेत तलाई योजना,Khet Talai RJ,state,Rajasthan,"Department of Agriculture, Government of Rajasthan",AGRICULTURE,Water harvesting farm pond grant,SUBSIDY,,,all,,,"Financial subsidy of up to 60% (max Rs 73,500 to Rs 1,05,000 for plastic lined farm ponds) for rainwater harvesting ponds on agricultural fields.",VERIFIED,https://rajkisan.rajasthan.gov.in/,True,True,False
agri_mah_mahadbt_farmer_001,MahaDBT Farmer Schemes (Farm Mechanization & Drip),महाडीबीटी शेतकरी योजना (कृषी यांत्रिकीकरण व ठिबक सिंचन),MahaDBT Farmer,state,Maharashtra,"Department of Agriculture, Government of Maharashtra",AGRICULTURE,Machinery and irrigation subsidy,SUBSIDY,,,all,,,"Direct Benefit Transfer subsidies on farm implements, tractors, drip irrigation, shade nets, and farm ponds for farmers across Maharashtra.",VERIFIED,https://mahadbt.maharashtra.gov.in/,True,True,False
agri_mah_sheti_talai_001,Maharashtra Magel Tyala Shettale (Farm Pond on Demand),महाराष्ट्र मागेल त्याला शेततळे योजना,Magel Tyala Shettale,state,Maharashtra,"Department of Agriculture, Government of Maharashtra",AGRICULTURE,Farm pond on demand,SUBSIDY,,,all,,,"Direct grant subsidy up to Rs 50,000 to construct a standardized farm pond on farmer's own land for drought-proofing.",VERIFIED,https://krishi.maharashtra.gov.in/,True,True,False
agri_mah_shetkari_karjmukti_001,Mahatma Jyotirao Phule Shetkari Karjmukti Yojana,महात्मा ज्योतिराव फुले शेतकरी कर्जमुक्ती योजना,MJPSKY,state,Maharashtra,"Department of Cooperation and Agriculture, Government of Maharashtra",AGRICULTURE,Crop loan waiver & incentive,DEBT_RELIEF,,,all,,,"Debt relief scheme providing loan waiver of up to Rs 2 lakh for outstanding short-term crop loans, plus incentive for regular repayers.",VERIFIED,https://mjpsky.maharashtra.gov.in/,True,True,False
agri_up_kisan_dbt_001,UP Agriculture Department Farmer DBT Subsidies (Pardarsi Kisan Seva),उत्तर प्रदेश पारदर्शी किसान सेवा पोर्टल अनुदान,UP Kisan DBT,state,Uttar Pradesh,"Department of Agriculture, Government of Uttar Pradesh",AGRICULTURE,"Seed, fertilizer & implement subsidy",SUBSIDY,,,all,,,"Direct subsidy transfer on certified seeds (up to 50%), agricultural implements, solar pumps, and vermicompost for registered UP farmers.",VERIFIED,http://upagriculture.com/,True,True,False
agri_up_kisan_durghatna_001,UP Mukhyamantri Krishak Durghatna Kalyan Yojana,उत्तर प्रदेश मुख्यमंत्री कृषक दुर्घटना कल्याण योजना,UP Krishak Durghatna,state,Uttar Pradesh,"Board of Revenue / Agriculture Department, Government of Uttar Pradesh",AGRICULTURE,Farmer accident compensation,SOCIAL_ASSISTANCE,18,70,all,,,"Financial assistance of Rs 5 lakh to the family in case of accidental death or permanent disability of farmer, sharecropper (bataidar), or farm labourer.",VERIFIED,http://upagriculture.com/,True,True,False
agri_tn_uzhavan_app_001,Tamil Nadu Uzhavan App & Farmer Subsidies,तमिलनाडु उझवन किसान सब्सिडी योजनाएं,Uzhavan TN,state,Tamil Nadu,"Department of Agriculture and Farmers Welfare, Government of Tamil Nadu",AGRICULTURE,Farmer input & machinery assistance,SUBSIDY,,,all,,,"Unified single-window portal providing subsidies for certified seeds, farm machinery (50%), micro-irrigation (100% for SF/MF), and crop insurance.",VERIFIED,https://www.tnagrisnet.tn.gov.in/,True,True,False
agri_tn_kalaignar_all_village_001,Kalaignar All Village Integrated Agriculture Development Programme,कलाईनार सर्व ग्राम एकीकृत कृषि विकास कार्यक्रम (तमिलनाडु),KAVIADP TN,state,Tamil Nadu,"Department of Agriculture and Farmers Welfare, Government of Tamil Nadu",AGRICULTURE,Village-level agri conversion & support,COMMUNITY_SUPPORT,,,all,,,"Village-level convergence scheme bringing fallow land into cultivation, distributing saplings, micro-irrigation, and solar pumps across all TN village panchayats.",VERIFIED,https://www.tnagrisnet.tn.gov.in/,True,True,False
agri_ts_rythu_bandhu_001,Telangana Rythu Bandhu (Agriculture Investment Support Scheme),तेलंगाना रायथु बंधु योजना,Rythu Bandhu,state,Telangana,"Department of Agriculture, Government of Telangana",AGRICULTURE,Direct farm investment support,CASH_TRANSFER,,,all,,,"Direct cash assistance of Rs 10,000 per acre per year (Rs 5,000 per crop season) to patta-holder farmers for purchasing farm inputs.",VERIFIED,https://rythubandhu.telangana.gov.in/,True,True,False
agri_ts_rythu_bima_001,Telangana Rythu Bima (Farmers Group Life Insurance Scheme),तेलंगाना रायथु बीमा योजना,Rythu Bima,state,Telangana,"Department of Agriculture, Government of Telangana",AGRICULTURE,Farmer life insurance,INSURANCE,18,59,all,,,100% government-funded life insurance cover of Rs 5 lakh to the designated nominee of enrolled farmer upon death from any cause.,VERIFIED,http://rythubima.telangana.gov.in/,True,True,False
agri_ap_rythu_bharosa_001,Andhra Pradesh YSR Rythu Bharosa,आंध्र प्रदेश वाईएसआर रायथु भरोसा,YSR Rythu Bharosa,state,Andhra Pradesh,"Department of Agriculture, Government of Andhra Pradesh",AGRICULTURE,Input assistance for farmers & tenant farmers,CASH_TRANSFER,,,all,,,"Financial assistance of Rs 13,500 per year (including PM-KISAN) provided in three instalments to landowning and eligible tenant farmer families.",VERIFIED,https://ysrrythubharosa.ap.gov.in/,True,True,False
agri_odisha_kalia_001,Odisha KALIA Scheme (Krushak Assistance for Livelihood and Income Augmentation),ओडिशा कालिया योजना,KALIA Odisha,state,Odisha,"Department of Agriculture and Farmers' Empowerment, Government of Odisha",AGRICULTURE,Comprehensive farmer & landless labourer support,CASH_TRANSFER,,,all,,,"Direct financial assistance of Rs 10,000 per family for small/marginal farmers, and Rs 12,500 for landless agricultural households for allied activities.",VERIFIED,https://kalia.odisha.gov.in/,True,True,False
agri_wb_krishak_bandhu_001,West Bengal Krishak Bandhu Scheme,पश्चिम बंगाल कृषक बंधु योजना,Krishak Bandhu,state,West Bengal,"Department of Agriculture, Government of West Bengal",AGRICULTURE,Assured income support & death benefit,CASH_TRANSFER,18,60,all,,,"Assured annual financial assistance of up to Rs 10,000 per year (min Rs 4,000 for 1 acre or less) plus Rs 2 lakh death benefit for farmer families.",VERIFIED,https://krishakbandhu.wb.gov.in/,True,True,False
agri_mp_kisan_kalyan_001,Madhya Pradesh Mukhya Mantri Kisan Kalyan Yojana,मध्य प्रदेश मुख्यमंत्री किसान कल्याण योजना,CM Kisan Kalyan MP,state,Madhya Pradesh,"Farmer Welfare and Agriculture Development Department, Government of MP",AGRICULTURE,State top-up income support,CASH_TRANSFER,,,all,,,"State cash top-up of Rs 6,000 per year in two equal instalments to all PM-KISAN beneficiary farmers in Madhya Pradesh (total Rs 12,000/year).",VERIFIED,https://saara.mp.gov.in/,True,True,False
agri_guj_ikhedut_001,Gujarat i-Khedut Portal Agricultural Schemes,गुजरात आई-खेड़ूत पोर्टल कृषि योजनाएं,i-Khedut Gujarat,state,Gujarat,"Department of Agriculture, Farmers Welfare & Co-operation, Government of Gujarat",AGRICULTURE,Comprehensive farmer DBT subsidies,SUBSIDY,,,all,,,"Comprehensive single-window portal offering subsidies on tractors, power tillers, solar fencing, underground pipelines, and organic inputs in Gujarat.",VERIFIED,https://ikhedut.gujarat.gov.in/,True,True,False
agri_kar_fruits_portal_001,Karnataka FRUITS Portal & Farmer Benefit Schemes,कर्नाटक फ्रूट्स पोर्टल किसान योजनाएं,FRUITS Karnataka,state,Karnataka,"Department of Agriculture, Government of Karnataka",AGRICULTURE,Farmer database and DBT delivery,SUBSIDY,,,all,,,"Farmer Registration and Unified Beneficiary Information System delivering direct input subsidies, Krishi Bhagya farm ponds, and mechanisation grants.",VERIFIED,https://fruits.karnataka.gov.in/,True,True,False
hlth_pmabhim_001,PM Ayushman Bharat Health Infrastructure Mission,पीएम आयुष्मान भारत स्वास्थ्य अवसंरचना मिशन,PM-ABHIM,central,,Ministry of Health and Family Welfare,HEALTH,Critical care & public health infrastructure,HEALTH_COVER,,,all,,,"Nationwide scheme establishing integrated public health labs, critical care hospital blocks in all districts, and strengthening disease surveillance.",VERIFIED,https://abhim.nhp.gov.in/,True,True,False
hlth_jan_aushadhi_001,Pradhan Mantri Bhartiya Janaushadhi Pariyojana,प्रधानमंत्री भारतीय जनऔषधि परियोजना,PMBJP,central,,Ministry of Chemicals and Fertilizers,HEALTH,Affordable generic medicines,SUBSIDY,,,all,,,"Provides quality generic medicines and surgical items at 50% to 90% cheaper rates than branded market prices through 10,000+ dedicated Kendras.",VERIFIED,http://janaushadhi.gov.in/,True,True,False
hlth_nikshay_poshan_001,Nikshay Poshan Yojana (NTEP),निक्षय पोषण योजना (टीबी पोषण सहायता),Nikshay Poshan,central,,Ministry of Health and Family Welfare,HEALTH,Nutritional support for TB patients,CASH_TRANSFER,,,all,,,Direct Benefit Transfer of Rs 500 per month for the entire duration of anti-tubercular treatment to support nutritional requirements of TB patients.,VERIFIED,https://nikshay.in/,True,True,False
hlth_jsy_001,Janani Suraksha Yojana,जननी सुरक्षा योजना,JSY,central,,Ministry of Health and Family Welfare,HEALTH,Safe institutional delivery cash incentive,CASH_TRANSFER,,,female,,,"Conditional cash transfer of Rs 1,400 (rural) and Rs 1,000 (urban) to mothers in low-performing states upon institutional delivery in public facilities.",VERIFIED,https://nhm.gov.in/,True,True,False
hlth_jssk_001,Janani Shishu Suraksha Karyakram,जननी शिशु सुरक्षा कार्यक्रम,JSSK,central,,Ministry of Health and Family Welfare,HEALTH,Zero out-of-pocket delivery & newborn care,SERVICES,,,female,,,"Completely free, cashless delivery (including C-section), free drugs, diagnostics, diet, and free transport to and from public health facilities.",VERIFIED,https://nhm.gov.in/,True,True,False
hlth_rbsk_001,Rashtriya Bal Swasthya Karyakram,राष्ट्रीय बाल स्वास्थ्य कार्यक्रम,RBSK,central,,Ministry of Health and Family Welfare,HEALTH,Child health screening & early intervention,SERVICES,0,18,all,,,"Comprehensive screening of children from birth to 18 years for 4Ds (Defects at birth, Diseases, Deficiencies, Development delays) with free treatment and surgical management.",VERIFIED,https://rbsk.gov.in/,True,True,False
hlth_pmsma_001,Pradhan Mantri Surakshit Matritva Abhiyan,प्रधानमंत्री सुरक्षित मातृत्व अभियान,PMSMA,central,,Ministry of Health and Family Welfare,HEALTH,Free assured antenatal care on 9th of every month,SERVICES,,,female,,,"Guaranteed, free, high-quality comprehensive antenatal check-up (ANC) including ultrasound, blood tests, and specialist examination on 9th of every month.",VERIFIED,https://pmsma.nhp.gov.in/,True,True,False
hlth_abdm_001,Ayushman Bharat Digital Mission (ABHA Card),आयुष्मान भारत डिजिटल मिशन (आभा कार्ड),ABDM,central,,Ministry of Health and Family Welfare,HEALTH,Digital health account & interoperable records,SERVICES,,,all,,,"Creates a 14-digit unique Ayushman Bharat Health Account (ABHA) enabling seamless digital sharing of lab reports, prescriptions, and medical history with consent.",VERIFIED,https://abdm.gov.in/,True,True,False
hlth_mission_indradhanush_001,Intensified Mission Indradhanush (IMI 5.0),सघन मिशन इंद्रधनुष (टीकाकरण अभियान),IMI,central,,Ministry of Health and Family Welfare,HEALTH,Universal full immunization for children & mothers,SERVICES,0,5,all,,,Free nationwide vaccination drives providing protection against 12 vaccine-preventable diseases for unvaccinated and partially vaccinated children up to 5 years.,VERIFIED,https://nhm.gov.in/,True,True,False
hlth_dialysis_001,Pradhan Mantri National Dialysis Programme,प्रधानमंत्री राष्ट्रीय डायलिसिस कार्यक्रम,PMNDP,central,,Ministry of Health and Family Welfare,HEALTH,Free dialysis at district hospitals,SERVICES,,,all,,,Free hemodialysis and peritoneal dialysis services at District Hospital level for Below Poverty Line (BPL) kidney failure patients.,VERIFIED,https://nhm.gov.in/,True,True,False
hlth_tele_manas_001,Tele Mental Health Assistance and Networking Across States (Tele-MANAS),टेली-मानस (राष्ट्रीय मानसिक स्वास्थ्य हेल्पलाइन),Tele-MANAS,central,,Ministry of Health and Family Welfare,HEALTH,24x7 free mental health tele-counselling,SERVICES,,,all,,,24x7 toll-free national tele-mental health helpline (14416 / 1800-891-4416) providing multi-language psychiatric counselling and specialist tele-consultations.,VERIFIED,https://telemanas.mohfw.gov.in/,True,True,False
hlth_mah_mjpjay_001,Maharashtra Mahatma Jyotirao Phule Jan Arogya Yojana,महाराष्ट्र महात्मा ज्योतिराव फुले जन आरोग्य योजना,MJPJAY,state,Maharashtra,"Public Health Department, Government of Maharashtra",HEALTH,State universal cashless health insurance,HEALTH_COVER,,,all,,,"Cashless hospitalization cover of up to Rs 5 lakh per family per year for 1,356 medical and surgical procedures across empanelled hospitals in Maharashtra.",VERIFIED,https://www.jeevandayee.gov.in/,True,True,False
hlth_tn_cmchis_001,Chief Minister's Comprehensive Health Insurance Scheme (Tamil Nadu),मुख्यमंत्री व्यापक स्वास्थ्य बीमा योजना (तमिलनाडु),CMCHIS TN,state,Tamil Nadu,"Health and Family Welfare Department, Government of Tamil Nadu",HEALTH,State health insurance coverage,HEALTH_COVER,,,all,,,"Cashless health insurance cover up to Rs 5 lakh per family per year covering 1,090 surgical procedures, diagnostic tests, and critical care in Tamil Nadu.",VERIFIED,https://www.cmchistn.com/,True,True,False
hlth_raj_chiranjeevi_001,Mukhyamantri Ayushman Arogya Yojana (Formerly Chiranjeevi Scheme),मुख्यमंत्री आयुष्मान आरोग्य योजना (पूर्व में चिरंजीवी योजना),MAAY Rajasthan,state,Rajasthan,"Department of Medical, Health and Family Welfare, Government of Rajasthan",HEALTH,State universal cashless health assurance,HEALTH_COVER,,,all,,,Universal cashless inpatient medical insurance cover for secondary and tertiary medical treatments in empanelled government and private hospitals in Rajasthan.,VERIFIED,https://chiranjeevi.rajasthan.gov.in/,True,True,False
hlth_ap_aarogyasri_001,Dr. YSR Aarogyasri Scheme (Andhra Pradesh),डॉ वाईएसआर आरोग्यश्री योजना (आंध्र प्रदेश),Aarogyasri AP,state,Andhra Pradesh,"Health, Medical and Family Welfare Department, Government of AP",HEALTH,State end-to-end cashless medical treatment,HEALTH_COVER,,,all,,,Cashless medical treatment cover up to Rs 25 lakh per family for identified catastrophic illnesses and secondary/tertiary hospitalisations in Andhra Pradesh.,VERIFIED,https://aarogyasri.ap.gov.in/,True,True,False
hlth_wb_swasthya_sathi_001,West Bengal Swasthya Sathi Scheme,पश्चिम बंगाल स्वास्थ्य साथी योजना,Swasthya Sathi,state,West Bengal,"Department of Health and Family Welfare, Government of West Bengal",HEALTH,Universal cashless health smart card in female head's name,HEALTH_COVER,,,all,,,"Universal smart-card-based cashless basic health cover up to Rs 5 lakh per annum per family, issued in the name of the eldest female member of the household.",VERIFIED,https://swasthyasathi.gov.in/,True,True,False
hlth_odisha_bsky_001,Odisha Biju Swasthya Kalyan Yojana (BSKY / Gopabandhu Arogya),ओडिशा बीजू स्वास्थ्य कल्याण योजना,BSKY Odisha,state,Odisha,"Health and Family Welfare Department, Government of Odisha",HEALTH,Cashless hospital treatment with extra women cover,HEALTH_COVER,,,all,,,"Cashless secondary and tertiary healthcare coverage of Rs 5 lakh per family, with an enhanced limit of Rs 10 lakh for female members of the family.",VERIFIED,https://bsky.odisha.gov.in/,True,True,False
hlth_guj_ma_yojana_001,Mukhyamantri Amrutum 'MA' & MA Vatsalya Yojana (Gujarat),मुख्यमंत्री अमृतम 'मा' योजना (गुजरात),MA Yojana Gujarat,state,Gujarat,"Health and Family Welfare Department, Government of Gujarat",HEALTH,Tertiary care cashless hospitalization,HEALTH_COVER,,,all,,,"Cashless tertiary care hospitalisation cover up to Rs 5 lakh per family per year for catastrophic illnesses (cardiovascular, renal, neuro, burns, cancer) in Gujarat.",VERIFIED,https://www.magujarat.com/,True,True,False
hlth_up_mjan_arogya_001,UP Mukhyamantri Jan Arogya Yojana,उत्तर प्रदेश मुख्यमंत्री जन आरोग्य योजना,UP Jan Arogya,state,Uttar Pradesh,"Medical, Health and Family Welfare Department, Government of UP",HEALTH,State health cover for non-SECC vulnerable families,HEALTH_COVER,,,all,,,Provides Rs 5 lakh per family per year cashless treatment benefits to state-identified Antyodaya and vulnerable families not covered under PM-JAY SECC lists.,VERIFIED,http://sachis.up.gov.in/,True,True,False
hlth_ker_kasp_001,Karunya Arogya Suraksha Padhathi (KASP - Kerala),कारुण्या आरोग्य सुरक्षा पद्धति (केरल),KASP Kerala,state,Kerala,"Health and Family Welfare Department, Government of Kerala",HEALTH,State cashless health insurance,HEALTH_COVER,,,all,,,Comprehensive cashless health insurance cover up to Rs 5 lakh per family per year for secondary and tertiary care in empanelled hospitals in Kerala.,VERIFIED,https://sha.kerala.gov.in/,True,True,False
wmn_mssc_001,Mahila Samman Savings Certificate,महिला सम्मान बचत प्रमाण पत्र,MSSC,central,,Ministry of Finance,SAVINGS,Women fixed deposit certificate,SAVINGS,,,female,7.5% p.a. compounded quarterly,2 years,Two-year fixed deposit scheme offering a high guaranteed 7.5% p.a. interest rate for women and minor girls (account opened via guardian).,VERIFIED,https://www.indiapost.gov.in/Financial/pages/content/post-office-saving-schemes.aspx,True,True,False
wmn_ujjwala_001,Pradhan Mantri Ujjwala Yojana (Ujjwala 2.0),प्रधानमंत्री उज्ज्वला योजना (उज्ज्वला 2.0),PMUY,central,,Ministry of Petroleum and Natural Gas,WOMEN,Clean cooking LPG connection grant,SUBSIDY,18,,female,,,"Deposit-free LPG connection in the name of an adult woman of poor household, with free first refill, hotplate (stove), and targeted cylinder subsidy.",VERIFIED,https://www.pmuy.gov.in/,True,True,False
wmn_sakhi_niwas_001,Sakhi Niwas (Working Women Hostel Scheme),सखी निवास (कामकाजी महिला छात्रावास योजना),Sakhi Niwas,central,,Ministry of Women and Child Development,WOMEN,Safe urban working women accommodation,COMMUNITY_SUPPORT,18,,female,,,"Safe, secure, and affordable hostel accommodation with day care/creche facility for children of working women in urban, semi-urban, and rural areas.",VERIFIED,https://wcd.nic.in/,True,True,False
wmn_one_stop_centre_001,One Stop Centre Scheme (Sakhi Centre),वन स्टॉप सेंटर (सखी केंद्र योजना),OSC Sakhi,central,,Ministry of Women and Child Development,WOMEN,Emergency support & crisis redressal,SERVICES,,,female,,,"Integrated single-window support providing emergency response, medical aid, legal assistance, psycho-social counselling, and temporary shelter (5 days) for women facing violence.",VERIFIED,https://wcd.nic.in/,True,True,False
wmn_poshan_2_001,Mission Saksham Anganwadi and Poshan 2.0,सक्षम आंगनवाड़ी एवं पोषण 2.0,Poshan 2.0,central,,Ministry of Women and Child Development,CHILD_WELFARE,Supplementary nutrition & early childhood education,SERVICES,0,6,all,,,"Supplementary nutrition, growth monitoring, preschool non-formal education, and immunization support delivered through nationwide Anganwadi Centres.",VERIFIED,https://poshanabhiyaan.gov.in/,True,True,False
chld_mission_vatsalya_001,Mission Vatsalya (Child Protection Services),मिशन वात्सल्य (बाल संरक्षण सेवा योजना),Mission Vatsalya,central,,Ministry of Women and Child Development,CHILD_WELFARE,"Care, protection & foster care sponsorship",SOCIAL_ASSISTANCE,0,18,all,,,"Institutional and non-institutional care (adoption, foster care, sponsorship of Rs 4,000/month per child) for children in difficult circumstances and distress.",VERIFIED,https://cara.wcd.gov.in/,True,True,False
chld_pm_cares_children_001,PM CARES for Children Scheme,पीएम केयर्स फॉर चिल्ड्रन योजना,PM CARES Children,central,,Ministry of Women and Child Development,CHILD_WELFARE,Comprehensive support for covid-orphaned children,SOCIAL_ASSISTANCE,0,23,all,,,"Rs 10 lakh corpus fund created in post office for each orphaned child maturing at age 23, free school/higher education admission, Rs 20,000 annual scholarship, and Ayushman Bharat health cover.",VERIFIED,https://pmcaresforchildren.in/,True,True,False
wmn_step_scheme_001,Support to Training and Employment Programme for Women (STEP),महिलाओं के लिए प्रशिक्षण एवं रोजगार सहायता कार्यक्रम (स्टेप),STEP Scheme,central,,Ministry of Women and Child Development,WOMEN,Skill training for self-employment,SKILL_DEVELOPMENT,16,,female,,,"Employability skill training in agriculture, horticulture, food processing, handlooms, tailoring, and IT to enable women to become self-employed or entrepreneurs.",VERIFIED,https://wcd.nic.in/,True,True,False
wmn_mahila_ehaat_001,Mahila E-Haat,महिला ई-हाट,Mahila E-Haat,central,,Ministry of Women and Child Development,WOMEN,Online marketing platform for women entrepreneurs,MARKETING_SUPPORT,,,female,,,"Bilingual direct online marketing platform for women entrepreneurs, artisans, and SHGs to display and sell products with zero fee or commission.",VERIFIED,http://mahilaehaat-rmk.gov.in/,True,True,False
wmn_mp_ladli_behna_001,Madhya Pradesh Mukhya Mantri Ladli Behna Yojana,मध्य प्रदेश मुख्यमंत्री लाड़ली बहना योजना,Ladli Behna MP,state,Madhya Pradesh,"Women and Child Development Department, Government of MP",WOMEN,Direct monthly cash transfer to adult women,CASH_TRANSFER,21,60,female,,,"Direct Benefit Transfer of Rs 1,250 per month into bank accounts of eligible adult women residents of Madhya Pradesh.",VERIFIED,https://cmladlibahna.mp.gov.in/,True,True,False
wmn_mah_ladki_bahin_001,Maharashtra Mukhyamantri Majhi Ladki Bahin Yojana,महाराष्ट्र मुख्यमंत्री माझी लाडकी बहीण योजना,Majhi Ladki Bahin,state,Maharashtra,"Women and Child Development Department, Government of Maharashtra",WOMEN,Direct monthly cash assistance for women,CASH_TRANSFER,21,65,female,,,"Direct cash assistance of Rs 1,500 per month deposited directly into bank accounts of eligible women aged 21 to 65 years residing in Maharashtra.",VERIFIED,https://ladakibahin.maharashtra.gov.in/,True,True,False
wmn_wb_kanyashree_001,West Bengal Kanyashree Prakalpa (K1 & K2),पश्चिम बंगाल कन्याश्री प्रकल्प,Kanyashree WB,state,West Bengal,"Department of Women and Child Development & Social Welfare, Government of WB",WOMEN,Conditional cash transfer for girl education & delaying marriage,CASH_TRANSFER,13,19,female,,,"Annual scholarship of Rs 1,000 for unmarried girls in Class 8-12 (K1) and a one-time grant of Rs 25,000 at age 18 (K2) if unmarried and continuing education.",VERIFIED,https://www.wbkanyashree.gov.in/,True,True,False
wmn_wb_lakshmir_bhandar_001,West Bengal Lakshmir Bhandar Scheme,पश्चिम बंगाल लखीर भंडार योजना,Lakshmir Bhandar,state,West Bengal,"Department of Women & Child Development and Social Welfare, Government of WB",WOMEN,Basic income support for female heads of families,CASH_TRANSFER,25,60,female,,,"Monthly basic income support of Rs 1,200 for SC/ST women and Rs 1,000 for other women who are female heads of families in West Bengal.",VERIFIED,https://socialsecurity.wb.gov.in/,True,True,False
wmn_up_kanya_sumangala_001,Uttar Pradesh Mukhya Mantri Kanya Sumangala Yojana,उत्तर प्रदेश मुख्यमंत्री कन्या सुमंगला योजना,Kanya Sumangala UP,state,Uttar Pradesh,"Women and Child Development Department, Government of Uttar Pradesh",WOMEN,Staged cash incentives from birth to graduation for girl child,CASH_TRANSFER,,,female,,,"Cash incentives of up to Rs 25,000 distributed in 6 phased stages from birth, vaccinations, Class 1, Class 6, Class 9 admission, to Degree/Diploma enrolment.",VERIFIED,https://mksy.up.gov.in/,True,True,False
wmn_raj_rajshree_001,Rajasthan Mukhyamantri Rajshree Yojana,राजस्थान मुख्यमंत्री राजश्री योजना,Rajshree Rajasthan,state,Rajasthan,"Women and Child Development Department, Government of Rajasthan",WOMEN,Staged cash grant for girl child birth & education,CASH_TRANSFER,,,female,,,"Financial assistance of up to Rs 50,000 in 6 instalments to parents of girl children born in government hospitals, linked with immunization, Class 1, 6, 10, and 12 schooling.",VERIFIED,https://wcd.rajasthan.gov.in/,True,True,False
wmn_tn_pudhumai_penn_001,Moovalur Ramamirtham Ammaiyar Higher Education Assurance Scheme (Pudhumai Penn - TN),पुधुमै पेन उच्च शिक्षा योजना (तमिलनाडु),Pudhumai Penn TN,state,Tamil Nadu,"Social Welfare and Women Empowerment Department, Government of Tamil Nadu",WOMEN,Monthly stipend for girl students in higher education,CASH_TRANSFER,,,female,,,"Rs 1,000 per month deposited directly into bank accounts of girl students who studied in Government schools (Class 6-12) until they complete their UG degree/diploma.",VERIFIED,https://www.pudhumaipenn.tn.gov.in/,True,True,False
wmn_kar_bhagyalakshmi_001,Karnataka Bhagyalakshmi Scheme,कर्नाटक भाग्यलक्ष्मी योजना,Bhagyalakshmi KA,state,Karnataka,"Department of Women and Child Development, Government of Karnataka",WOMEN,BPL girl child endowment & insurance,SAVINGS,,,female,,,"Financial bond in the name of girl child born in BPL family maturing into substantial corpus at age 18, along with annual scholarships and health cover.",VERIFIED,https://dwcd.karnataka.gov.in/,True,True,False
wmn_bihar_kanya_utthan_001,Bihar Mukhyamantri Kanya Utthan Yojana,बिहार मुख्यमंत्री कन्या उत्थान योजना,Kanya Utthan Bihar,state,Bihar,"Social Welfare / Education Department, Government of Bihar",WOMEN,Cash reward from birth to graduation,CASH_TRANSFER,,,female,,,"Financial incentives from birth to graduation (including Rs 25,000 upon passing Class 12 unmarried and Rs 50,000 upon graduation for every girl student in Bihar).",VERIFIED,https://medhasoft.bih.nic.in/,True,True,False
hsg_pmay_clss_001,Credit Linked Subsidy Scheme (CLSS under PMAY),क्रेडिट लिंक्ड सब्सिडी स्कीम (पीएमएवाई),PMAY CLSS,central,,Ministry of Housing and Urban Affairs,HOUSING,Home loan interest subsidy for EWS/LIG/MIG,SUBSIDY,,,all,,,Upfront interest subsidy of up to 6.5% on home loans (saving up to Rs 2.67 lakh over loan tenure) for purchase or construction of pucca house.,VERIFIED,https://pmayuclap.gov.in/,True,True,False
hsg_arhc_001,Affordable Rental Housing Complexes (ARHCs),किफायती किराया आवास परिसर योजना,ARHCs,central,,Ministry of Housing and Urban Affairs,HOUSING,Affordable urban rental housing for migrants,HOUSING_ASSISTANCE,,,all,,,Converts government-funded vacant housing and encourages private/public entities to build affordable rental housing for urban migrants and poor near workplaces.,VERIFIED,http://arhc.mohua.gov.in/,True,True,False
hsg_svamitva_001,SVAMITVA Scheme (Survey of Villages and Mapping with Improvised Technology),स्वामित्व योजना (ग्रामीण आबादी भूमि सर्वेक्षण एवं अधिकार अभिलेख),SVAMITVA,central,,Ministry of Panchayati Raj,HOUSING,Rural property ownership cards (Sanad / Patta),SERVICES,,,all,,,Drone-based surveying of inhabited rural lands to issue official legal 'Property Cards' enabling villagers to use houses as financial collateral for bank loans.,VERIFIED,https://svamitva.nic.in/,True,True,False
hsg_amrut_001,Atal Mission for Rejuvenation and Urban Transformation (AMRUT 2.0),अमृत 2.0 (कायाकल्प एवं शहरी परिवर्तन के लिए अटल मिशन),AMRUT 2.0,central,,Ministry of Housing and Urban Affairs,HOUSING,Universal tap water and sewerage infrastructure,INFRASTRUCTURE,,,all,,,Provides universal piped drinking water supply coverage to all households across statutory towns and expands sewage/septage management.,VERIFIED,https://amrut.gov.in/,True,True,False
hsg_jal_jeevan_001,Jal Jeevan Mission (Har Ghar Jal),जल जीवन मिशन (हर घर जल योजना),JJM,central,,Ministry of Jal Shakti,HOUSING,Functional household tap connection in rural India,SERVICES,,,all,,,"Provides safe, potable piped drinking water through Individual Functional Household Tap Connections (FHTC) of 55 litres per capita per day to every rural home.",VERIFIED,https://jaljeevanmission.gov.in/,True,True,False
hsg_mah_mhada_001,MHADA Housing Lottery Scheme (Maharashtra),म्हाडा गृहनिर्माण सोडत योजना (महाराष्ट्र),MHADA Lottery,state,Maharashtra,"Housing Department, Government of Maharashtra",HOUSING,Affordable apartment lottery for EWS/LIG/MIG/HIG,HOUSING_ASSISTANCE,18,,all,,,"Computerized transparent lottery for high-quality, subsidized residential flats developed by MHADA in Mumbai, Pune, Konkan, and Nagpur regions.",VERIFIED,https://housing.mhada.gov.in/,True,True,False
hsg_mah_cidco_001,CIDCO Mass Housing Lottery Scheme (Navi Mumbai),सिडको महागृहनिर्माण सोडत (नवी मुंबई),CIDCO Housing,state,Maharashtra,"Urban Development Department, Government of Maharashtra",HOUSING,Mass housing apartments in Navi Mumbai,HOUSING_ASSISTANCE,18,,all,,,"Affordable multi-storey transit-oriented housing flats offered via lottery in Navi Mumbai nodes (Taloja, Kharghar, Dronagiri, Ulwe) with PMAY subsidy integration.",VERIFIED,https://lottery.cidcoindia.com/,True,True,False
hsg_delhi_dda_001,DDA Housing Scheme (Delhi Development Authority),डीडीए आवासीय योजना (दिल्ली विकास प्राधिकरण),DDA Housing,state,Delhi,Ministry of Housing and Urban Affairs / DDA,HOUSING,Urban freehold flats lottery & First-Come-First-Serve,HOUSING_ASSISTANCE,18,,all,,,"Freehold residential apartments in prime Delhi locations (Narela, Dwarka, Jasola, Rohini) through transparent online allotment and FCFS schemes.",VERIFIED,https://eservices.dda.org.in/,True,True,False
hsg_tn_tnhb_001,Tamil Nadu Housing Board (TNHB) Flat & Plot Schemes,तमिलनाडु हाउसिंग बोर्ड आवासीय योजना,TNHB Schemes,state,Tamil Nadu,"Housing and Urban Development Department, Government of Tamil Nadu",HOUSING,"Affordable plots, individual houses & flats",HOUSING_ASSISTANCE,21,,all,,,"Affordable housing plots and built-up apartments across Chennai, Coimbatore, Madurai, and other districts with transparent online booking.",VERIFIED,https://tnhb.tn.gov.in/,True,True,False
hsg_up_mukhyamantri_awas_001,UP Mukhyamantri Awas Yojana (Rural),उत्तर प्रदेश मुख्यमंत्री आवास योजना (ग्रामीण),UP CM Awas,state,Uttar Pradesh,"Rural Development Department, Government of Uttar Pradesh",HOUSING,100% state-funded pucca houses for deprived families,HOUSING_ASSISTANCE,,,all,,,Direct financial grant of Rs 1.20 lakh (plains) / Rs 1.30 lakh per family for constructing a pucca house with toilet and solar power for marginalized families left out of SECC lists.,VERIFIED,http://rd.up.nic.in/,True,True,False
hsg_wb_banglar_bari_001,West Bengal Banglar Awas / Banglar Bari Scheme,पश्चिम बंगाल बांग्लार बाड़ी योजना,Banglar Bari,state,West Bengal,"Panchayats & Rural Development Department, Government of WB",HOUSING,State financial assistance for rural pucca homes,HOUSING_ASSISTANCE,,,all,,,State-supported financial grant of Rs 1.20 lakh per family in installments to build durable pucca houses for economically backward rural households in West Bengal.,VERIFIED,https://wbprd.gov.in/,True,True,False
hsg_odisha_biju_pucca_ghar_001,Odisha Biju Pucca Ghar Yojana (BPGY),ओडिशा बीजू पक्का घर योजना,BPGY Odisha,state,Odisha,"Panchayati Raj and Drinking Water Department, Government of Odisha",HOUSING,Conversion of kutcha houses to pucca houses,HOUSING_ASSISTANCE,,,all,,,Financial assistance of Rs 1.20 lakh (non-IAP districts) / Rs 1.30 lakh (IAP districts) plus wage support under MGNREGA for converting all kutcha houses to disaster-resilient pucca houses.,VERIFIED,https://rhodisha.gov.in/,True,True,False
hsg_raj_rhb_001,Rajasthan Housing Board (RHB) Flat & Villa Schemes,राजस्थान आवासन मंडल गृह निर्माण योजनाएं,RHB Schemes,state,Rajasthan,"Urban Development and Housing Department, Government of Rajasthan",HOUSING,Affordable residential houses & multi-storey flats,HOUSING_ASSISTANCE,18,,all,,,"Subsidized residential houses, villas, and multi-storey apartments across Jaipur, Jodhpur, Kota, and Udaipur with up to 50% discount schemes on unsold properties.",VERIFIED,https://urban.rajasthan.gov.in/rhb,True,True,False
biz_pmegp_001,Prime Minister's Employment Generation Programme,प्रधानमंत्री रोजगार सृजन कार्यक्रम,PMEGP,central,,"Ministry of Micro, Small and Medium Enterprises",BUSINESS,Credit-linked margin money subsidy for new micro units,SUBSIDY,18,,all,,,Credit-linked subsidy of 15% to 35% on project costs up to Rs 50 lakh for manufacturing units and Rs 20 lakh for service units.,VERIFIED,https://www.kviconline.gov.in/pmegpeportal/,True,True,False
biz_cgtmse_001,Credit Guarantee Fund Trust for Micro and Small Enterprises,सूक्ष्म एवं लघु उद्यमों के लिए क्रेडिट गारंटी फंड ट्रस्ट,CGTMSE,central,,"Ministry of Micro, Small and Medium Enterprises",BUSINESS,Collateral-free business loan guarantee,CREDIT,,,all,,,Third-party credit guarantee cover of up to 85% for collateral-free bank credit up to Rs 5 crore for new and existing Micro & Small enterprises.,VERIFIED,https://www.cgtmse.in/,True,True,False
biz_sfurti_001,Scheme of Fund for Regeneration of Traditional Industries,पारंपरिक उद्योगों के उत्थान के लिए निधि योजना,SFURTI,central,,"Ministry of Micro, Small and Medium Enterprises",BUSINESS,Traditional cluster modernization grant,GRANT,,,all,,,"Financial assistance of up to Rs 2.5 crore (Regular cluster) / Rs 5 crore (Major cluster) for establishing Common Facility Centres, modern tooling, and design value-chains.",VERIFIED,https://sfurti.msme.gov.in/,True,True,False
biz_aspire_001,"ASPIRE (Scheme for Promotion of Innovation, Rural Industry & Entrepreneurship)","एस्पायर (नवाचार, ग्रामीण उद्योग एवं उद्यमिता संवर्धन योजना)",ASPIRE,central,,"Ministry of Micro, Small and Medium Enterprises",BUSINESS,Livelihood business incubators & fund of funds,GRANT,,,all,,,"One-time 100% grant of up to Rs 1 crore to establish Livelihood Business Incubators (LBI) in agro-rural sectors, creating new micro-enterprises.",VERIFIED,https://aspire.msme.gov.in/,True,True,False
biz_zed_001,MSME Sustainable (ZED) Certification Scheme,एमएसएमई सतत (जेड) प्रमाणन योजना (जीरो डिफेक्ट जीरो इफेक्ट),MSME ZED,central,,"Ministry of Micro, Small and Medium Enterprises",BUSINESS,Quality certification & clean tech subsidy,SUBSIDY,,,all,,,"Financial subsidy of up to 80% (Micro), 60% (Small), and 50% (Medium) on ZED certification cost, plus additional 10% for women/SC/ST/NER enterprises.",VERIFIED,https://zed.msme.gov.in/,True,True,False
biz_champions_001,"MSME Champions Scheme (Design, IPR & Incubation)","एमएसएमई चैंपियंस योजना (डिजाइन, आईपीआर एवं इन्क्यूबेशन)",MSME Champions,central,,"Ministry of Micro, Small and Medium Enterprises",BUSINESS,"Design assistance, patent grant & idea incubation",GRANT,,,all,,,"Financial grant up to Rs 15 lakh per approved innovative idea, up to Rs 40 lakh for student/design projects, and reimbursement of patent/trademark filing fees.",VERIFIED,https://champions.gov.in/,True,True,False
biz_cgssd_001,Credit Guarantee Scheme for Subordinate Debt (CGSSD),अधीनस्थ ऋण के लिए क्रेडिट गारंटी योजना,CGSSD,central,,"Ministry of Micro, Small and Medium Enterprises",BUSINESS,Debt revival for stressed and NPA MSMEs,CREDIT,,,all,,,Promoters of stressed/NPA MSME units given credit support equal to 15% of their stake (max Rs 75 lakh) with 90% credit guarantee from CGTMSE.,VERIFIED,https://www.cgtmse.in/,True,True,False
biz_treds_001,Trade Receivables Discounting System (TReDS),व्यापार प्राप्य छूट प्रणाली (टीआरईडीएस),TReDS,central,,Ministry of Finance / Ministry of MSME,BUSINESS,Online invoice discounting & working capital,FINANCIAL_SERVICES,,,all,,,Institutional electronic platform enabling MSMEs to auction and discount trade invoices/bills against large buyers and PSUs through multiple financiers at competitive rates.,VERIFIED,https://www.rbi.org.in/,True,True,False
biz_up_yuva_swarozgar_001,UP Mukhyamantri Yuva Swarozgar Yojana,उत्तर प्रदेश मुख्यमंत्री युवा स्वरोजगार योजना,UP Yuva Swarozgar,state,Uttar Pradesh,"Department of MSME and Export Promotion, Government of Uttar Pradesh",BUSINESS,Margin money loan subsidy for youth businesses,SUBSIDY,18,40,all,,,Loans up to Rs 25 lakh for manufacturing and Rs 10 lakh for service sector with 25% state margin money subsidy (max Rs 6.25 lakh).,VERIFIED,http://diupmsme.upsdc.gov.in/,True,True,False
biz_bihar_udyami_001,Bihar Mukhyamantri Udyami Yojana (SC/ST/EBC/Women/Yuva),बिहार मुख्यमंत्री उद्यमी योजना,Bihar Udyami,state,Bihar,"Department of Industries, Government of Bihar",BUSINESS,10 lakh enterprise package (50% grant + 50% interest-free loan),GRANT,18,50,all,,,Package of Rs 10 lakh for starting a new industrial enterprise: Rs 5 lakh as 100% grant/subsidy and Rs 5 lakh as interest-free loan (1% for general men) repayable in 84 instalments.,VERIFIED,https://udyami.bihar.gov.in/,True,True,False
biz_tn_needs_001,New Entrepreneur-cum-Enterprise Development Scheme (NEEDS - Tamil Nadu),नवीन उद्यमी एवं उद्यम विकास योजना (नीड्स - तमिलनाडु),NEEDS TN,state,Tamil Nadu,"Micro, Small and Medium Enterprises Department, Government of Tamil Nadu",BUSINESS,Capital subsidy & interest subvention for first-gen entrepreneurs,SUBSIDY,21,45,all,,,"25% capital subsidy (up to Rs 75 lakh) on project cost between Rs 10 lakh and Rs 5 crore, plus 3% interest subvention for educated first-generation entrepreneurs.",VERIFIED,https://www.msmeonline.tn.gov.in/,True,True,False
biz_mah_psi_001,Maharashtra Package Scheme of Incentives (PSI for MSME),महाराष्ट्र प्रोत्साहन योजना पैकेज (एमएसएमई पीएसआई),Maharashtra PSI,state,Maharashtra,"Industries Department, Government of Maharashtra",BUSINESS,Industrial promotion subsidy & electricity duty exemption,SUBSIDY,,,all,,,"Basket of financial incentives including SGST reimbursement up to 100% of Fixed Capital Investment, 5% interest subsidy, and electricity duty exemption for 7-10 years.",VERIFIED,https://di.maharashtra.gov.in/,True,True,False
biz_raj_mlupy_001,Rajasthan Mukhyamantri Laghu Udyog Protsahan Yojana (MLUPY),राजस्थान मुख्यमंत्री लघु उद्योग प्रोत्साहन योजना,MLUPY Rajasthan,state,Rajasthan,"Industries and Commerce Department, Government of Rajasthan",BUSINESS,Interest subsidy on loans up to Rs 10 crore,SUBSIDY,18,,all,,,"Substantial interest subsidy of 8% on loans up to Rs 25 lakh, 6% on loans up to Rs 5 crore, and 5% on loans up to Rs 10 crore for setting up new manufacturing/service ventures in Rajasthan.",VERIFIED,https://industries.rajasthan.gov.in/,True,True,False
biz_guj_msme_incentive_001,Gujarat MSME Capital Investment & Interest Subsidy Scheme,गुजरात एमएसएमई पूंजी निवेश एवं ब्याज सहायता योजना,Gujarat MSME Scheme,state,Gujarat,"Industries and Mines Department, Government of Gujarat",BUSINESS,Capital investment subsidy & term loan interest subsidy,SUBSIDY,,,all,,,Capital investment subsidy up to 25% of eligible plant and machinery (max Rs 35 lakh) and interest subsidy of 5% to 7% per annum on term loans for 5-7 years in Gujarat.,VERIFIED,https://ic.gujarat.gov.in/,True,True,False
emp_naps_001,National Apprenticeship Promotion Scheme (NAPS-2),राष्ट्रीय शिक्षुता संवर्धन योजना (एनएपीएस),NAPS,central,,Ministry of Skill Development and Entrepreneurship,EMPLOYMENT,Industry apprenticeship stipend support,SKILL_DEVELOPMENT,14,,all,,,"Direct government stipend support of 25% of prescribed stipend (up to Rs 1,500/month per apprentice) directly to bank accounts through DBT for on-the-job industrial training.",VERIFIED,https://www.apprenticeshipindia.gov.in/,True,True,False
emp_ncs_001,National Career Service (NCS Portal),राष्ट्रीय करियर सेवा (एनसीएस पोर्टल),NCS,central,,Ministry of Labour and Employment,EMPLOYMENT,Free nationwide job matching & career counselling,SERVICES,,,all,,,"Free digital platform linking jobseekers with verified private and public employers, offering free online career assessments, job fairs, and counselling at 400+ Model Career Centres.",VERIFIED,https://www.ncs.gov.in/,True,True,False
emp_day_nrlm_001,Deendayal Antyodaya Yojana - National Rural Livelihoods Mission,दीनदयाल अंत्योदय योजना - राष्ट्रीय ग्रामीण आजीविका मिशन,DAY-NRLM,central,,Ministry of Rural Development,EMPLOYMENT,"Women SHG promotion, revolving fund & interest subvention",LIVELIHOOD_SUPPORT,,,female,,,"Mobilizes rural women into Self Help Groups, providing Revolving Funds (Rs 20,000-30,000), Community Investment Funds (up to Rs 2.5 lakh), and collateral-free bank loans at 7% interest.",VERIFIED,https://aajeevika.gov.in/,True,True,False
emp_day_nulm_001,Deendayal Antyodaya Yojana - National Urban Livelihoods Mission,दीनदयाल अंत्योदय योजना - राष्ट्रीय शहरी आजीविका मिशन,DAY-NULM,central,,Ministry of Housing and Urban Affairs,EMPLOYMENT,Urban skill training & self-employment loans,LIVELIHOOD_SUPPORT,,,all,,,"Subsidised bank loans up to Rs 2 lakh for individual micro-enterprises (Rs 10 lakh for group enterprises) with interest rate capped at 7%, plus free certified placement-linked urban skill training.",VERIFIED,https://nulm.gov.in/,True,True,False
emp_ddu_gky_001,Deen Dayal Upadhyaya Grameen Kaushalya Yojana,दीन दयाल उपाध्याय ग्रामीण कौशल्या योजना,DDU-GKY,central,,Ministry of Rural Development,EMPLOYMENT,Placement-linked rural youth skill training,SKILL_DEVELOPMENT,15,35,all,,,Completely free residential skill training with mandatory minimum 70% guaranteed placement in formal sector jobs offering minimum wages or above.,VERIFIED,http://ddugky.gov.in/,True,True,False
emp_shreyas_001,Scheme for Higher Education Youth in Apprenticeship and Skills (SHREYAS),शिक्षुता एवं कौशल में उच्च शिक्षा युवाओं के लिए योजना (श्रेयस),SHREYAS,central,,Ministry of Education / MoSDE,EMPLOYMENT,Degree apprenticeship with industry stipend,SKILL_DEVELOPMENT,,,all,,,"Integrates apprenticeship and professional skill development into general degree courses (BA, BSc, BCom), enabling students to earn monthly stipends while pursuing degrees.",VERIFIED,https://www.education.gov.in/,True,True,False
emp_raj_yuva_sambal_001,Rajasthan Mukhyamantri Yuva Sambal Yojana (Unemployment Allowance),राजस्थान मुख्यमंत्री युवा संबल योजना (बेरोजगारी भत्ता),Yuva Sambal RJ,state,Rajasthan,"Department of Skill, Employment and Entrepreneurship, Government of Rajasthan",EMPLOYMENT,Monthly unemployment allowance with skill internship,CASH_TRANSFER,21,30,all,,,"Monthly allowance of Rs 4,000 for male graduates and Rs 4,500 for female/transgender/specially-abled graduates for up to 2 years while doing a daily 4-hour government department internship.",VERIFIED,https://employment.livelihoods.rajasthan.gov.in/,True,True,False
emp_kar_yuva_nidhi_001,Karnataka Yuva Nidhi Scheme,कर्नाटक युवा निधि योजना,Yuva Nidhi KA,state,Karnataka,"Department of Skill Development, Entrepreneurship and Livelihood, Govt of Karnataka",EMPLOYMENT,Direct monthly financial support for unemployed graduates,CASH_TRANSFER,,,all,,,"Monthly financial assistance of Rs 3,000 for unemployed degree holders and Rs 1,500 for unemployed diploma holders for up to 2 years or until employment.",VERIFIED,https://sevasindhuservices.karnataka.gov.in/,True,True,False
emp_mp_sikho_kamao_001,Madhya Pradesh Mukhyamantri Sikho Kamao Yojana (Learn & Earn),मध्य प्रदेश मुख्यमंत्री सीखो कमाओ योजना,Sikho Kamao MP,state,Madhya Pradesh,"Technical Education, Skill Development & Employment Department, Government of MP",EMPLOYMENT,On-the-job training with state stipend,SKILL_DEVELOPMENT,18,29,all,,,"On-the-job industrial skill training across 700+ courses with direct monthly stipend of Rs 8,000 (Class 12), Rs 8,500 (ITI), Rs 9,000 (Diploma), and Rs 10,000 (Graduates/Post-Graduates).",VERIFIED,https://mmsky.mp.gov.in/,True,True,False
emp_tn_tnsdc_001,Tamil Nadu Skill Development Corporation (TNSDC) Free Placement Training,तमिलनाडु कौशल विकास निगम (टीएनएसडीसी) निःशुल्क प्रशिक्षण,TNSDC Schemes,state,Tamil Nadu,"Labour Welfare and Skill Development Department, Government of Tamil Nadu",EMPLOYMENT,Short-term high-demand job training,SKILL_DEVELOPMENT,18,35,all,,,"Free government-sponsored short-term skill training in emerging technology, manufacturing, healthcare, and logistics sectors with placement assistance across Tamil Nadu.",VERIFIED,https://www.tnskill.tn.gov.in/,True,True,False
soc_adip_001,Scheme of Assistance to Disabled Persons for Purchase/Fitting of Aids and Appliances (ADIP),दिव्यांगजनों को सहायक उपकरण खरीद/फिटिंग सहायता योजना (एडिप),ADIP Scheme,central,,Ministry of Social Justice and Empowerment,DISABILITY,Free modern assistive devices & cochlear implants,SERVICES,,,all,,,"Free distribution of modern aids and high-tech appliances (motorized tricycles, smart canes, digital hearing aids, prosthetics, and cochlear implants up to Rs 6 lakh).",VERIFIED,https://alimco.in/,True,True,False
soc_rashtriya_vayoshri_001,Rashtriya Vayoshri Yojana (RVY),राष्ट्रीय वयोश्री योजना,Rashtriya Vayoshri,central,,Ministry of Social Justice and Empowerment,SENIOR_CITIZEN,Free physical aids for senior citizens,SERVICES,60,,all,,,"Free provision of age-related physical aids and assisted-living devices (walking sticks, elbow crutches, walkers, tripods, hearing aids, wheelchairs, dentures, and spectacles) to BPL senior citizens.",VERIFIED,https://alimco.in/,True,True,False
soc_udid_card_001,Unique Disability ID (UDID) Project,विशिष्ट दिव्यांगता पहचान पत्र (यूडीआईडी कार्ड),UDID Card,central,,Ministry of Social Justice and Empowerment,DISABILITY,Single pan-India disability identity document,SERVICES,,,all,,,"National online database creating a single universal photo ID card for persons with disabilities, enabling pan-India validation for all government concessions, pensions, and transport discounts.",VERIFIED,https://www.swavlambancard.gov.in/,True,True,False
soc_nfbs_001,National Family Benefit Scheme (NFBS under NSAP),राष्ट्रीय परिवार लाभ योजना,NFBS,central,,Ministry of Rural Development,SOCIAL_SECURITY,Lump-sum cash grant upon death of primary breadwinner,CASH_TRANSFER,,,all,,,"One-time lump-sum financial assistance of Rs 20,000 to a Below Poverty Line (BPL) household upon the death of the primary breadwinner (aged 18-59 years).",VERIFIED,https://nsap.nic.in/,True,True,False
soc_annapurna_001,Annapurna Scheme (under NSAP),अन्नपूर्णा योजना,Annapurna NSAP,central,,Ministry of Rural Development / Ministry of Consumer Affairs,SENIOR_CITIZEN,Free monthly foodgrains for destitute seniors,SOCIAL_ASSISTANCE,65,,all,,,Provides 10 kg of foodgrains (wheat/rice) completely free of charge per month to destitute senior citizens aged 65 and above who are not receiving any pension under NOAPS.,VERIFIED,https://nsap.nic.in/,True,True,False
soc_mah_sanjay_gandhi_001,Maharashtra Sanjay Gandhi Niradhar Anudan Yojana,महाराष्ट्र संजय गांधी निराधार अनुदान योजना,Sanjay Gandhi Niradhar,state,Maharashtra,"Social Justice and Special Assistance Department, Government of Maharashtra",SOCIAL_SECURITY,"Monthly financial assistance for destitute, disabled, and single women",CASH_TRANSFER,,,all,,,"Monthly pension of Rs 1,500 for a single beneficiary (and Rs 2,500 if there are 2 or more beneficiaries in a family) for destitute individuals, blind/disabled, and abandoned women in Maharashtra.",VERIFIED,https://sjsa.maharashtra.gov.in/,True,True,False
soc_mah_shravanbal_001,Maharashtra Shravanbal Seva Rajya Nivruttivetan Yojana,महाराष्ट्र श्रावणबाळ सेवा राज्य निवृत्तीवेतन योजना,Shravanbal Yojana,state,Maharashtra,"Social Justice and Special Assistance Department, Government of Maharashtra",SENIOR_CITIZEN,Old age pension for non-BPL and BPL senior citizens,CASH_TRANSFER,65,,all,,,"Monthly old age pension of Rs 1,500 to senior citizens aged 65 and above residing in Maharashtra whose annual family income does not exceed Rs 50,000.",VERIFIED,https://sjsa.maharashtra.gov.in/,True,True,False
soc_up_vridhavastha_001,UP Vridhavastha Pension Yojana (Old Age Pension),उत्तर प्रदेश वृद्धावस्था पेंशन योजना,UP Old Age Pension,state,Uttar Pradesh,"Social Welfare Department, Government of Uttar Pradesh",SENIOR_CITIZEN,State monthly old age pension,CASH_TRANSFER,60,,all,,,"Monthly direct cash pension of Rs 1,000 per month deposited quarterly (Rs 3,000 per quarter) into bank accounts of eligible senior citizens aged 60+ in Uttar Pradesh.",VERIFIED,https://sspy-up.gov.in/,True,True,False
soc_up_divyang_pension_001,UP Divyangjan Pension Yojana (Disability Pension),उत्तर प्रदेश दिव्यांगजन पेंशन योजना,UP Divyang Pension,state,Uttar Pradesh,"Empowerment of Persons with Disabilities Department, Government of UP",DISABILITY,State monthly disability pension,CASH_TRANSFER,18,,all,,,"Monthly pension of Rs 1,000 deposited quarterly into bank accounts of persons with 40% or more disability living below poverty line in Uttar Pradesh.",VERIFIED,https://sspy-up.gov.in/,True,True,False
soc_raj_ssp_pension_001,Rajasthan Social Security Pension Scheme (SSP Portal),राजस्थान सामाजिक सुरक्षा पेंशन योजना,SSP Rajasthan,state,Rajasthan,"Social Justice and Empowerment Department, Government of Rajasthan",SOCIAL_SECURITY,Unified state monthly pensions with mandatory 15% annual increment,CASH_TRANSFER,55,,all,,,"Minimum assured pension of Rs 1,150 per month (increasing automatically by 15% every year under Rajasthan Minimum Income Guarantee Act) for elderly, widows, and disabled.",VERIFIED,https://ssp.rajasthan.gov.in/,True,True,False
soc_tn_oap_001,Tamil Nadu Old Age Pension Scheme (Indira Gandhi OAP / Destitute),तमिलनाडु वृद्धावस्था पेंशन योजना,TN OAP,state,Tamil Nadu,"Revenue and Disaster Management Department, Government of Tamil Nadu",SENIOR_CITIZEN,State monthly destitute old age pension,CASH_TRANSFER,60,,all,,,"Monthly cash pension of Rs 1,000 deposited through direct bank transfer or doorstep delivery for destitute senior citizens aged 60 and above in Tamil Nadu.",VERIFIED,https://www.tn.gov.in/,True,True,False
soc_odisha_madhu_babu_001,Odisha Madhu Babu Pension Yojana (MBPY),ओडिशा मधु बाबू पेंशन योजना,MBPY Odisha,state,Odisha,"Social Security & Empowerment of Persons with Disabilities Department, Govt of Odisha",SOCIAL_SECURITY,"Comprehensive destitute, old age & disability monthly pension",CASH_TRANSFER,60,,all,,,"Monthly social security pension ranging from Rs 1,000 to Rs 1,400 per month (depending on age 60-79 vs 80+) for elderly, widows, PwDs, and transgender persons in Odisha.",VERIFIED,https://ssepd.odisha.gov.in/,True,True,False
soc_ts_asara_pension_001,Telangana Aasara Pensions,तेलंगाना आसरा पेंशन योजना,Aasara Telangana,state,Telangana,"Panchayat Raj and Rural Development Department, Government of Telangana",SOCIAL_SECURITY,High-value monthly pension for vulnerable groups,CASH_TRANSFER,57,,all,,,"Substantial monthly pension of Rs 2,016 per month for elderly (57+ yrs), widows, and weavers; and Rs 3,016 per month for persons with disabilities in Telangana.",VERIFIED,https://aasara.telangana.gov.in/,True,True,False
soc_ap_pension_kanuka_001,Andhra Pradesh YSR Pension Kanuka,आंध्र प्रदेश वाईएसआर पेंशन कनुका,YSR Pension Kanuka,state,Andhra Pradesh,"Panchayat Raj & Rural Development Department, Government of Andhra Pradesh",SOCIAL_SECURITY,Doorstep monthly cash pension,CASH_TRANSFER,60,,all,,,"Doorstep delivery of monthly pension of Rs 3,000 per month for elderly and widows, and up to Rs 6,000 to Rs 10,000 for severe disability and chronic kidney dialysis patients in AP.",VERIFIED,https://sspensions.ap.gov.in/,True,True,False
fin_po_rd_001,National Savings Recurring Deposit Account (Post Office 5-Year RD),राष्ट्रीय बचत आवर्ती जमा खाता (डाकघर 5 वर्षीय आरडी),Post Office RD,central,,Ministry of Finance / Ministry of Communications,SAVINGS,Monthly recurring savings deposit,SAVINGS,,,all,6.7% p.a. compounded quarterly,3 years (premature closure),Safe 5-year recurring deposit scheme offering 6.7% p.a. sovereign guaranteed return with loan facility up to 50% of credit balance after 1 year.,VERIFIED,https://www.indiapost.gov.in/Financial/pages/content/post-office-saving-schemes.aspx,True,True,False
fin_po_td_5yr_001,National Savings Time Deposit Account (Post Office 5-Year TD),राष्ट्रीय बचत सावधि जमा खाता (डाकघर 5 वर्षीय टीडी),Post Office 5Y TD,central,,Ministry of Finance / Ministry of Communications,SAVINGS,Fixed-term deposit with 80C tax benefit,SAVINGS,,,all,7.5% p.a. paid annually,5 years,Fixed 5-year term deposit offering 7.5% p.a. sovereign interest with Section 80C tax deduction benefit on investment.,VERIFIED,https://www.indiapost.gov.in/Financial/pages/content/post-office-saving-schemes.aspx,True,True,False
fin_po_savings_account_001,Post Office Savings Account (POSA),डाकघर बचत खाता,POSA,central,,Ministry of Communications,SAVINGS,Liquid basic savings account with tax exemption,SAVINGS,,,all,4.0% p.a.,None,"Basic liquid savings account with ATM card, mobile banking, and Section 10(15)(i) tax exemption on interest up to Rs 3,500/year (Rs 7,000 for joint account).",VERIFIED,https://www.indiapost.gov.in/Financial/pages/content/post-office-saving-schemes.aspx,True,True,False
fin_sgb_001,Sovereign Gold Bond Scheme (SGB),सॉवरेन गोल्ड बॉन्ड योजना (एसजीबी),SGB,central,,Ministry of Finance,SAVINGS,Government gold bond with interest payout,SAVINGS,,,all,2.50% p.a. fixed interest + Gold capital appreciation,5 years (exit option),Government securities denominated in grams of gold paying 2.50% fixed annual interest with 100% Capital Gains Tax exemption on redemption after 8 years.,VERIFIED,https://www.rbi.org.in/,True,True,False
fin_ippb_account_001,India Post Payments Bank (IPPB) Doorstep Digital Account,इंडिया पोस्ट पेमेंट्स बैंक (आईपीपीबी) डोरस्टेप डिजिटल खाता,IPPB Account,central,,Ministry of Communications,FINANCIAL_INCLUSION,Biometric doorstep banking & DBT gateway,FINANCIAL_SERVICES,,,all,,,"Zero-paperwork biometric savings account opened at doorstep through Gramin Dak Sevaks, providing AePS cash withdrawal, DBT reception, and bill payments.",VERIFIED,https://www.ippbonline.com/,True,True,False
edu_aicte_swanath_001,AICTE Swanath Scholarship Scheme,एआईसीटीई स्वनाथ छात्रवृत्ति योजना,AICTE Swanath,central,,Ministry of Education,EDUCATION,Scholarship for orphans and children of armed forces martyrs,SCHOLARSHIP,,,all,,,"Rs 50,000 per year for students who are orphans, whose parents died due to COVID, or children of Armed Forces/Central Paramilitary personnel martyred in action.",VERIFIED,https://www.aicte-india.org/schemes/students-development-schemes,True,True,False
edu_pmrf_001,Prime Minister's Research Fellowship (PMRF),प्रधान मंत्री अनुसंधान फैलोशिप (पीएमआरएफ),PMRF,central,,Ministry of Education,EDUCATION,Prestigious doctoral research fellowship in STEM,SCHOLARSHIP,,,all,,,"Lucrative monthly fellowship of Rs 70,000 (1st-2nd yr), Rs 75,000 (3rd yr), and Rs 80,000 (4th-5th yr) plus annual research contingency grant of Rs 2 lakh for 5 years.",VERIFIED,https://www.pmrf.in/,True,True,False
edu_nos_sc_001,National Overseas Scholarship for SC/ST Candidates,राष्ट्रीय प्रवासी छात्रवृत्ति (अनुसूचित जाति/जनजाति),NOS SC/ST,central,,Ministry of Social Justice and Empowerment,EDUCATION,Full foreign masters/PhD education funding,SCHOLARSHIP,18,35,all,,,"Full tuition fees, annual maintenance allowance (approx USD 15,400 / GBP 9,900), economy airfare, visa fees, and medical insurance to pursue Master's/Ph.D in top 500 QS world universities.",VERIFIED,https://nosmsje.gov.in/,True,True,False
edu_cbse_single_girl_001,CBSE Merit Scholarship Scheme for Single Girl Child,एकल बालिका संतान के लिए सीबीएसई योग्यता छात्रवृत्ति योजना,CBSE Single Girl,central,,Ministry of Education,EDUCATION,Scholarship for single girl child in Class 11-12,SCHOLARSHIP,,,female,,,Scholarship of Rs 500 per month for up to 2 years for meritorious single girl children who scored 60% or more marks in CBSE Class 10 examination and continue studies in Class 11-12.,VERIFIED,https://www.cbse.gov.in/,True,True,False
edu_samagra_shiksha_001,"Samagra Shiksha Abhiyan (Free Textbooks, Uniforms & Transport)",समग्र शिक्षा अभियान (निःशुल्क पाठ्यपुस्तकें एवं गणवेश),Samagra Shiksha,central,,Ministry of Education,EDUCATION,Universal free schooling entitlements from preschool to Class 12,SERVICES,3,18,all,,,"Free textbooks, two sets of free school uniforms, free transport allowance, and composite school grants for all children in government and local body schools across India.",VERIFIED,https://samagra.education.gov.in/,True,True,False
edu_pm_poshan_001,PM POSHAN Scheme (Pradhan Mantri Poshan Shakti Nirman - Mid-Day Meal),पीएम पोषण योजना (मध्याह्न भोजन योजना),PM POSHAN,central,,Ministry of Education,EDUCATION,Hot cooked nutritious mid-day meals in schools,SERVICES,5,14,all,,,Free hot cooked nutritious mid-day meal every school day for children studying in Balvatika and Classes 1 to 8 in government and government-aided schools nationwide.,VERIFIED,https://pmposhan.education.gov.in/,True,True,False
edu_pm_vidyalaxmi_001,PM-Vidyalaxmi Education Loan Scheme,पीएम-विद्यालक्ष्मी शिक्षा ऋण योजना,PM-Vidyalaxmi,central,,Ministry of Education,EDUCATION,Collateral-free higher education loans with full interest subvention,CREDIT,,,all,,,"Collateral-free, guarantor-free education loans for students admitted to Top 860 Quality Higher Educational Institutions (NIRF ranked) with 75% credit guarantee and full interest subvention during moratorium.",VERIFIED,https://www.vidyalakshmi.co.in/,True,True,False
